{
  "Типы": {
    "Футбол": {
      "Футболка EMOTION": {
        "Тип": "Футболка",
        "Описание": "Футболка с круглым вырезом из материала с гофрированной поверхностью формы V на груди и вышитым логотипом. В этой форме играют такие команды, как «Суонси Сити».",
        "Цвета": {
          "Бирюзовый": {
            "Артикул": "100652.013",
            "Вид спереди": "assets/images/88e88688bde40620b80079f7cc23290f.jpg",
            "Вид сзади": "assets/images/88e88688bde40620b80079f7cc23290f.jpg"
          },
          "Красный": {
            "Артикул": "100652.601",
            "Вид спереди": "assets/images/c0cbfef4a183576095bb6025b0133127.jpg",
            "Вид сзади": "assets/images/c0cbfef4a183576095bb6025b0133127.jpg"
          },
          "Салатовый": {
            "Артикул": "100652.401",
            "Вид спереди": "assets/images/b77ccb40d22718853042d062f14732f3.jpg",
            "Вид сзади": "assets/images/b77ccb40d22718853042d062f14732f3.jpg"
          }
        },
        "Размеры": {
          "S": {
            "Цена": 3399,
            "Штрихкод": "0000000001",
            "Количество": 10
          },
          "M": {
            "Цена": 3399,
            "Штрихкод": "0000000002",
            "Количество": 6
          },
          "L": {
            "Цена": 3399,
            "Штрихкод": "0000000003",
            "Количество": 2
          },
          "XL": {
            "Цена": 3420,
            "Штрихкод": "0000000004",
            "Количество": 4
          },
          "XXL": {
            "Цена": 3450,
            "Штрихкод": "0000000005",
            "Количество": 15
          }
        }
      },
      "Футболка GRADA LONG SLEEVEN": {
        "Тип": "Футболка",
        "Описание": "Описание футболки GRADA LONG SLEEVEN",
        "Цвета": {
          "Белый": {
            "Артикул": "100681.200",
            "Вид спереди": "assets/images/c1e67bca39f2ba306af501aa9a8e4a80.jpg",
            "Вид сзади": "assets/images/c1e67bca39f2ba306af501aa9a8e4a80.jpg"
          },
          "Синий": {
            "Артикул": "100681.702",
            "Вид спереди": "assets/images/5cd2cc390c36967a8d8dfa9af4a8648b.jpg",
            "Вид сзади": "assets/images/5cd2cc390c36967a8d8dfa9af4a8648b.jpg"
          },
          "Фиолетовый": {
            "Артикул": "100681.552",
            "Вид спереди": "assets/images/22eca4eec574dac0a86ad2ffa2ab037e.jpg",
            "Вид сзади": "assets/images/22eca4eec574dac0a86ad2ffa2ab037e.jpg"
          },
          "Черный": {
            "Артикул": "100681.102",
            "Вид спереди": "assets/images/d756cd018a3a150db1af8ef55293c4a9.jpg",
            "Вид сзади": "assets/images/d756cd018a3a150db1af8ef55293c4a9.jpg"
          }
        },
        "Размеры": {
          "6XS-5XS": {
            "Цена": 2949,
            "Штрихкод": "0000000006",
            "Количество": 12
          },
          "4XS-3XS": {
            "Цена": 2949,
            "Штрихкод": "0000000007",
            "Количество": 15
          },
          "2XS": {
            "Цена": 2949,
            "Штрихкод": "0000000008",
            "Количество": 20
          },
          "XS": {
            "Цена": 2949,
            "Штрихкод": "0000000009",
            "Количество": 11
          },
          "S": {
            "Цена": 2949,
            "Штрихкод": "0000000010",
            "Количество": 2
          },
          "M": {
            "Цена": 2949,
            "Штрихкод": "0000000011",
            "Количество": 2
          },
          "L": {
            "Цена": 2949,
            "Штрихкод": "0000000012",
            "Количество": 2
          },
          "XL": {
            "Цена": 2949,
            "Штрихкод": "0000000013",
            "Количество": 2
          },
          "2ХL-3ХL": {
            "Цена": 2949,
            "Штрихкод": "0000000014",
            "Количество": 2
          }
        }
      }
    },
    "Волейбол": {
      "Футболка SPIKE lady": {
        "Тип": "Футболка (Без нанесений)",
        "Описание": "Описание футболки SPIKE lady",
        "Цвета": {
          "Белый": {
            "Артикул": "900240.203",
            "Вид спереди": "assets/images/58425abdea3a36b0b0df76e719078a64.jpg"
          },
          "Желтый": {
            "Артикул": "900240.901",
            "Вид спереди": "assets/images/62881c3ea4dea2a9aa0126870b014f32.jpg"
          },
          "Розовый": {
            "Артикул": "900240.510",
            "Вид спереди": "assets/images/f58dd55a4b8fb5b6b1cecf9f8c79799a.jpg"
          },
          "Фиолетовый": {
            "Артикул": "900240.700",
            "Вид спереди": "assets/images/881425e4ecfeb41b944e7aa0880efa6b.jpg"
          },
          "Черный": {
            "Артикул": "900240.332",
            "Вид спереди": "assets/images/e1b8a60d889836d1af091a238607ce0b.jpg"
          }
        },
        "Размеры": {
          "2XS": {
            "Цена": 1449,
            "Штрихкод": "0000000015",
            "Количество": 15
          },
          "XS": {
            "Цена": 1449,
            "Штрихкод": "0000000016",
            "Количество": 11
          },
          "S": {
            "Цена": 1449,
            "Штрихкод": "0000000017",
            "Количество": 19
          },
          "M": {
            "Цена": 1449,
            "Штрихкод": "0000000018",
            "Количество": 25
          },
          "L": {
            "Цена": 1449,
            "Штрихкод": "0000000019",
            "Количество": 31
          },
          "XL": {
            "Цена": 1449,
            "Штрихкод": "0000000020",
            "Количество": 4
          },
          "XXL": {
            "Цена": 1449,
            "Штрихкод": "0000000021",
            "Количество": 2
          }
        }
      }
    }
  },
  "Логотипы": {
    "0": {
      "Изображение": "assets/images/futbolist.png"
    },
    "1": {
      "Изображение": "assets/images/soccer-ball-design_1818070.png"
    },
    "2": {
      "Изображение": "assets/images/logo1x1.png"
    },
    "3": {
      "Изображение": "assets/images/1360425919Lokomotiv_Moscow-logo.png"
    },
    "4": {
      "Изображение": "assets/images/real-madrid-logo-png-4.png"
    },
    "5": {
      "Изображение": "assets/images/583b5f6c1c3f1158a7ecbe54.png"
    },
    "6": {
      "Изображение": "assets/images/manchester_united_PNG23.png"
    }
  },
  "drawings": {
    "Логотип": {
      "sizes": {
        "100 мм": {
          "types": {
            "Флекс SISER 1 цв.": {
              "price": 100
            },
            "Флекс SISER 2 цв.": {
              "price": 100
            },
            "Флекс SISER 3 цв.": {
              "price": 100
            },
            "Термотрансфер": {
              "price": 100
            },
            "Шеврон сублимационный AVRORA": {
              "price": 100
            },
            "Шеврон жаккардовый": {
              "price": 100
            },
            "Вышивка": {
              "price": 100
            }
          }
        },
        "300 мм": {
          "types": {
            "Флекс SISER 1 цв.": {
              "price": 100
            },
            "Флекс SISER 2 цв.": {
              "price": 100
            },
            "Флекс SISER 3 цв.": {
              "price": 100
            },
            "Термотрансфер": {
              "price": 100
            }
          }
        }
      }
    },
    "Номер": {
      "sizes": {
        "40 мм": {
          "price": 100
        },
        "100 мм": {
          "price": 100
        },
        "230 мм": {
          "price": 100
        }
      }
    },
    "Надпись": {
      "sizes": {
        "100 мм": {
          "price": 100
        },
        "300 мм": {
          "price": 100
        }
      }
    }
  },
  "Цвета": {
    "Белый": "#ffffff",
    "Черный": "#000000",
    "Желтый": "#FFFF00",
    "Оранжевый": "#FFA500",
    "Красный": "#FF0000",
    "Бордовый": "#9B2D30",
    "Зеленый": "#008000",
    "Темно-синий": "#002137",
    "Синий": "#0000FF",
    "Голубой": "#42AAFF",
    "Мята": "#AAF0D1",
    "Серый": "#808080",
    "Зеленый неон": "#66FF00",
    "Розовый неон": "#FC0FC0",
    "Золотой": "#CDA434",
    "Серебряный": "#C0C0C0"
  },
  "ПодсказкиКРазмерам": {
    "6XS": "<table class='table table-dark m-0'><th><td>Возраст</td><td>РФ</td><td>РОСТ</td><td>ГРУДЬ</td><td>ТАЛИЯ</td></th><tr><td>Дети</td><td>4</td><td>30</td><td>100-108</td><td>55-58</td><td>54-55</td></tr></table>",
    "6XS-5XS": "<table class='table table-dark m-0'><th><td>Возраст</td><td>РФ</td><td>РОСТ</td><td>ГРУДЬ</td><td>ТАЛИЯ</td></th><tr><td>Дети</td><td>6-8</td><td>30-32</td><td>100-117</td><td>55-62</td><td>54-58</td></tr></table>",
    "5XS": "<table class='table table-dark m-0'><th><td>Возраст</td><td>РФ</td><td>РОСТ</td><td>ГРУДЬ</td><td>ТАЛИЯ</td></th><tr><td>Дети</td><td>6</td><td>32</td><td>109-117</td><td>58-62</td><td>55-58</td></tr></table>",
    "4XS": "<table class='table table-dark m-0'><th><td>Возраст</td><td>РФ</td><td>РОСТ</td><td>ГРУДЬ</td><td>ТАЛИЯ</td></th><tr><td>Дети</td><td>8</td><td>34</td><td>118-128</td><td>62-77</td><td>58-60</td></tr></table>",
    "4XS-3XS": "<table class='table table-dark m-0'><th><td>Возраст</td><td>РФ</td><td>РОСТ</td><td>ГРУДЬ</td><td>ТАЛИЯ</td></th><tr><td>Дети</td><td>8-10</td><td>34-36</td><td>118-140</td><td>62-73</td><td>58-64</td></tr></table>",
    "3XS": "<table class='table table-dark m-0'><th><td>Возраст</td><td>РФ</td><td>РОСТ</td><td>ГРУДЬ</td><td>ТАЛИЯ</td></th><tr><td>Дети</td><td>10</td><td>36</td><td>129-140</td><td>67-73</td><td>60-64</td></tr></table>",
    "2XS": "<table class='table table-dark m-0'><th><td>Возраст</td><td>РФ</td><td>РОСТ</td><td>ГРУДЬ</td><td>ТАЛИЯ</td></th><tr><td>Дети</td><td>12</td><td>38</td><td>141-152</td><td>73-78</td><td>64-68</td></tr></table>",
    "XS": "<table class='table table-dark m-0'><th><td>Возраст</td><td>РФ</td><td>РОСТ</td><td>ГРУДЬ</td><td>ТАЛИЯ</td></th><tr><td>Жен.</td><td></td><td>40-42</td><td>158-162</td><td>76-82</td><td>61-68</td></tr><tr><td>Дети</td><td>14</td><td>40-42</td><td>152-164</td><td>80-87</td><td>68-72</td></tr></table>",
    "S": "<table class='table table-dark m-0'><th><td>РФ</td><td>РОСТ</td><td>ГРУДЬ</td><td>ТАЛИЯ</td></th><tr><td>Муж.</td><td>44-46</td><td>164-173</td><td>88-95</td><td>75-82</td></tr><tr><td>Жен.</td><td>44</td><td>162-164</td><td>83-89</td><td>69-73</td></tr></table>",
    "M": "<table class='table table-dark m-0'><th><td>РФ</td><td>РОСТ</td><td>ГРУДЬ</td><td>ТАЛИЯ</td></th><tr><td>Муж.</td><td>46-48</td><td>173-178</td><td>95-102</td><td>83-90</td></tr><tr><td>Жен.</td><td>46-48</td><td>164-166</td><td>90-94</td><td>74-78</td></tr></table>",
    "L": "<table class='table table-dark m-0'><th><td>РФ</td><td>РОСТ</td><td>ГРУДЬ</td><td>ТАЛИЯ</td></th><tr><td>Муж.</td><td>48-50</td><td>178-184</td><td>102-108</td><td>91-97</td></tr><tr><td>Жен.</td><td>50</td><td>166-168</td><td>95-98</td><td>79-82</td></tr></table>",
    "XL": "<table class='table table-dark m-0'><th><td>РФ</td><td>РОСТ</td><td>ГРУДЬ</td><td>ТАЛИЯ</td></th><tr><td>Муж.</td><td>50-52</td><td>184-189</td><td>108-115</td><td>98-103</td></tr><tr><td>Жен.</td><td>52-54</td><td>169-172</td><td>99-102</td><td>83-86</td></tr></table>",
    "2XL": "<table class='table table-dark m-0'><th><td>РФ</td><td>РОСТ</td><td>ГРУДЬ</td><td>ТАЛИЯ</td></th><tr><td>Муж.</td><td>52-54</td><td>189-194</td><td>115-143</td><td>104-134</td></tr><tr><td>Жен.</td><td>56</td><td>173-176</td><td>103-106</td><td>87-90</td></tr></table>",
    "3XL": "<table class='table table-dark m-0'><th><td>РФ</td><td>РОСТ</td><td>ГРУДЬ</td><td>ТАЛИЯ</td></th><tr><td>Муж.</td><td>54-56</td><td>194-198</td><td>143-155</td><td>134-150</td></tr></table>"
  },
  "Шрифты": [
    "Nike",
    "Adidas",
    "Alternativ",
    "Atletico",
    "Real"
  ],
  "Скидка": 40,
  "Скидка за нанесения": 50,
  "email": "vasha@pochta.ru",
  "passwordHash": "$2y$10$he04knDVw9Plgw9Fkz9MbuLLGO96V1SKwe7cYMMdjQWZrzVGEW3D."
}